"","countyID","countyName","year","yrsSince2009","Median","pop18_24","BA18_24Count","pop25plus","BA25plusCount","totPop18plus","BAtotPop18plus","BApctTotPop18plus"
"1","48005","Angelina County",2009,0,"86000",7005,210.15,53993,5399.3,60998,5609.45,9.19612118430113
"2","48005","Angelina County",2010,1,"92600",8929,89.29,54810,5645.43,63739,5734.72,8.99719167228855
"3","48005","Angelina County",2011,2,"96500",8499,424.95,56029,5154.668,64528,5579.618,8.64681688569303
"4","48005","Angelina County",2012,3,"97900",7938,468.342,56440,4966.72,64378,5435.062,8.4424213240548
"5","48005","Angelina County",2013,4,"98400",7859,188.616,56385,6315.12,64244,6503.736,10.1234916879397
"6","48005","Angelina County",2014,5,"99100",8754,288.882,56090,5833.36,64844,6122.242,9.44149343038677
"7","48005","Angelina County",2015,6,"106700",7638,147,57538,5615,65176,5762,8.84067755001841
"8","48005","Angelina County",2016,7,"117000",8404,399,56702,6157,65106,6556,10.0697324363346
"9","48021","Bastrop County",2009,0,"129900",6041,271.845,48195,4530.33,54236,4802.175,8.85422044398554
"10","48021","Bastrop County",2010,1,"129500",5870,123.27,48761,5851.32,54631,5974.59,10.9362632937343
"11","48021","Bastrop County",2011,2,"131900",5177,440.045,51810,5284.62,56987,5724.665,10.0455630231456
"12","48021","Bastrop County",2012,3,"132200",5312,74.368,50199,5521.89,55511,5596.258,10.0813496424132
"13","48021","Bastrop County",2013,4,"128300",6364,127.28,50037,7255.365,56401,7382.645,13.0895640148224
"14","48021","Bastrop County",2014,5,"132400",5702,136.848,52360,7435.12,58062,7571.968,13.0411766732114
"15","48021","Bastrop County",2015,6,"143900",7271,104,52726,5677,59997,5781,9.6354817740887
"16","48021","Bastrop County",2016,7,"153000",8524,64,54506,7268,63030,7332,11.6325559257496
"17","48027","Bell County",2009,0,"115200",37998,1443.924,162853,21985.155,200851,23429.079,11.6649053278301
"18","48027","Bell County",2010,1,"120100",39913,2314.954,183997,24103.607,223910,26418.561,11.7987410120138
"19","48027","Bell County",2011,2,"124200",38144,3547.392,187920,25557.12,226064,29104.512,12.8744567909972
"20","48027","Bell County",2012,3,"127400",40663,1951.824,192884,27196.644,233547,29148.468,12.48077175044
"21","48027","Bell County",2013,4,"131200",41303,2312.968,194895,30208.725,236198,32521.693,13.7688265777018
"22","48027","Bell County",2014,5,"134000",40109,2005.45,197801,29274.548,237910,31279.998,13.1478281703165
"23","48027","Bell County",2015,6,"137300",39656,1873,201906,35661,241562,37534,15.5380399234979
"24","48027","Bell County",2016,7,"139800",39312,2909,206073,30273,245385,33182,13.522423946044
"25","48029","Bexar County",2009,0,"121700",173888,10259.392,1014941,155285.973,1188829,165545.365,13.9250779548615
"26","48029","Bexar County",2010,1,"129900",190875,10498.125,1065620,174761.68,1256495,185259.805,14.744173673592
"27","48029","Bexar County",2011,2,"134200",192350,13464.5,1091107,189852.618,1283457,203317.118,15.8413657800768
"28","48029","Bexar County",2012,3,"135600",196876,13584.444,1115650,184082.25,1312526,197666.694,15.0600212110084
"29","48029","Bexar County",2013,4,"137000",198281,17250.447,1140845,195084.495,1339126,212334.942,15.8562332446685
"30","48029","Bexar County",2014,5,"140300",199039,14131.769,1171076,196740.768,1370115,210872.537,15.3908640515577
"31","48029","Bexar County",2015,6,"142900",201695,13184,1201795,206841,1403490,220025,15.6769909297537
"32","48029","Bexar County",2016,7,"148500",202503,16322,1225485,218237,1427988,234559,16.4258383123668
"33","48037","Bowie County",2009,0,"93300",8166,73.494,62826,6659.556,70992,6733.05,9.48423766058147
"34","48037","Bowie County",2010,1,"99500",7481,59.848,62822,7161.708,70303,7221.556,10.2720452896747
"35","48037","Bowie County",2011,2,"105800",9002,117.026,61351,8773.193,70353,8890.219,12.6365883473342
"36","48037","Bowie County",2012,3,"106400",8515,519.415,62404,7738.096,70919,8257.511,11.6435807047477
"37","48037","Bowie County",2013,4,"105900",9172,412.74,61996,8245.468,71168,8658.208,12.1658723021583
"38","48037","Bowie County",2014,5,"112100",8781,122.934,62213,7278.921,70994,7401.855,10.4260289601938
"39","48037","Bowie County",2015,6,"115200",8546,222,62207,5886,70753,6108,8.63284949048097
"40","48037","Bowie County",2016,7,"115900",7654,80,63684,9324,71338,9404,13.1823151756427
"41","48039","Brazoria County",2009,0,"154800",26089,1565.34,197288,34525.4,223377,36090.74,16.1568738052709
"42","48039","Brazoria County",2010,1,"158300",24997,1499.82,202218,33365.97,227215,34865.79,15.3448451906784
"43","48039","Brazoria County",2011,2,"160000",26338,2396.758,205971,34191.186,232309,36587.944,15.7496885613558
"44","48039","Brazoria County",2012,3,"162400",27119,2305.115,209788,35663.96,236907,37969.075,16.0269958253661
"45","48039","Brazoria County",2013,4,"163100",29113,2503.718,212087,37115.225,241200,39618.943,16.4257640961857
"46","48039","Brazoria County",2014,5,"162600",28715,2613.065,218598,40659.228,247313,43272.293,17.4969746839026
"47","48039","Brazoria County",2015,6,"166600",28670,1589,225351,44794,254021,46383,18.2595139771909
"48","48039","Brazoria County",2016,7,"171900",29546,2579,230238,39366,259784,41945,16.1461059957503
"49","48041","Brazos County",2009,0,"142400",60757,6622.513,79531,17735.413,140288,24357.926,17.3628008097628
"50","48041","Brazos County",2010,1,"150800",60465,5804.64,95317,17824.279,155782,23628.919,15.1679391714062
"51","48041","Brazos County",2011,2,"156700",62406,6427.818,95447,17275.907,157853,23703.725,15.016328482829
"52","48041","Brazos County",2012,3,"160400",59305,8124.785,100051,22611.526,159356,30736.311,19.287827882226
"53","48041","Brazos County",2013,4,"160400",58691,7277.684,102560,22152.96,161251,29430.644,18.2514489832621
"54","48041","Brazos County",2014,5,"163200",59129,6385.932,106964,20537.088,166093,26923.02,16.2096054620002
"55","48041","Brazos County",2015,6,"167700",58759,5764,112155,25249,170914,31013,18.1453830581462
"56","48041","Brazos County",2016,7,"173300",59167,7467,116055,23164,175222,30631,17.4812523541564
"57","48061","Cameron County",2009,0,"85300",38687,1663.541,219156,21038.976,257843,22702.517,8.80478314323057
"58","48061","Cameron County",2010,1,"88100",40054,1722.322,233236,24023.308,273290,25745.63,9.4206264407772
"59","48061","Cameron County",2011,2,"90400",41755,876.855,236759,25569.972,278514,26446.827,9.49569034231672
"60","48061","Cameron County",2012,3,"92300",43567,958.474,237677,27095.178,281244,28053.652,9.97484461890742
"61","48061","Cameron County",2013,4,"95100",44604,1561.14,239079,28450.401,283683,30011.541,10.5792525459756
"62","48061","Cameron County",2014,5,"94300",44658,1964.952,242912,29878.176,287570,31843.128,11.0731745314184
"63","48061","Cameron County",2015,6,"97100",45139,1143,244947,26828,290086,27971,9.64231296925739
"64","48061","Cameron County",2016,7,"97200",45231,1391,245943,29531,291174,30922,10.6197668747896
"65","48085","Collin County",2009,0,"199900",58600,7266.4,511232,161549.312,569832,168815.712,29.6255233121341
"66","48085","Collin County",2010,1,"201700",57240,6811.56,505017,162110.457,562257,168922.017,30.0435596177549
"67","48085","Collin County",2011,2,"204700",59351,7537.577,522936,172568.88,582287,180106.457,30.930873778738
"68","48085","Collin County",2012,3,"206700",63683,8469.839,539187,172000.653,602870,180470.492,29.9352251729229
"69","48085","Collin County",2013,4,"207900",67643,10281.736,551215,176388.8,618858,186670.536,30.1637105765782
"70","48085","Collin County",2014,5,"213300",70707,10464.636,574165,180861.975,644872,191326.611,29.6689282524284
"71","48085","Collin County",2015,6,"225500",73704,11960,594392,194066,668096,206026,30.8377837915509
"72","48085","Collin County",2016,7,"243300",75782,13459,613358,204921,689140,218380,31.6887715123197
"73","48091","Comal County",2009,0,"181700",8432,573.376,78638,16985.808,87070,17559.184,20.1667439990812
"74","48091","Comal County",2010,1,"203100",8025,433.35,75588,16100.244,83613,16533.594,19.7739514190377
"75","48091","Comal County",2011,2,"209000",7993,479.58,77760,18118.08,85753,18597.66,21.6874744906884
"76","48091","Comal County",2012,3,"211000",8544,657.888,79827,17402.286,88371,18060.174,20.4367654547306
"77","48091","Comal County",2013,4,"215500",9875,819.625,81462,19958.19,91337,20777.815,22.7485192200313
"78","48091","Comal County",2014,5,"221900",10115,708.05,84547,17585.776,94662,18293.826,19.3254167458959
"79","48091","Comal County",2015,6,"227000",10057,1077,88878,19627,98935,20704,20.9268711780462
"80","48091","Comal County",2016,7,"239500",12048,1539,92508,22721,104556,24260,23.2028769271969
"81","48099","Coryell County",2009,0,"97800",14350,43.05,41412,4099.788,55762,4142.838,7.42950037660055
"82","48099","Coryell County",2010,1,"98900",10038,150.57,44667,4645.368,54705,4795.938,8.76690978886756
"83","48099","Coryell County",2011,2,"104000",10860,369.24,44592,4325.424,55452,4694.664,8.46617615234798
"84","48099","Coryell County",2012,3,"107000",9946,69.622,46687,4762.074,56633,4831.696,8.53159112178412
"85","48099","Coryell County",2013,4,"104600",10415,322.865,46926,5631.12,57341,5953.985,10.3834690709963
"86","48099","Coryell County",2014,5,"107000",10628,31.884,46175,4894.55,56803,4926.434,8.67284122317483
"87","48099","Coryell County",2015,6,"113400",10125,559,47019,4335,57144,4894,8.56432871342573
"88","48099","Coryell County",2016,7,"113900",9468,148,47572,5397,57040,5545,9.72124824684432
"89","48113","Dallas County",2009,0,"135300",238244,18821.276,1523281,272667.299,1761525,291488.575,16.547512808504
"90","48113","Dallas County",2010,1,"136500",237223,20163.955,1483930,274527.05,1721153,294691.005,17.1217204397285
"91","48113","Dallas County",2011,2,"136400",238622,21953.224,1510234,277883.056,1748856,299836.28,17.1447094557814
"92","48113","Dallas County",2012,3,"136500",242428,22545.804,1540997,282002.451,1783425,304548.255,17.0765944741158
"93","48113","Dallas County",2013,4,"136600",243933,20490.372,1564783,292614.421,1808716,313104.793,17.3108875578034
"94","48113","Dallas County",2014,5,"138300",247224,26205.744,1594829,296638.194,1842053,322843.938,17.5263110236242
"95","48113","Dallas County",2015,6,"142700",248936,25285,1621965,311771,1870901,337056,18.0157047326395
"96","48113","Dallas County",2016,7,"148500",249071,29792,1638570,319411,1887641,349203,18.4994392471874
"97","48121","Denton County",2009,0,"174400",61745,5742.285,417005,110923.33,478750,116665.615,24.3687968668407
"98","48121","Denton County",2010,1,"183200",70224,8778,413361,112434.192,483585,121212.192,25.0653332919756
"99","48121","Denton County",2011,2,"185200",70644,6216.672,428607,123438.816,499251,129655.488,25.9700006609902
"100","48121","Denton County",2012,3,"187000",71098,7180.898,445716,126137.628,516814,133318.526,25.7962295913036
"101","48121","Denton County",2013,4,"189000",71457,7788.813,464097,127626.675,535554,135415.488,25.2851230688222
"102","48121","Denton County",2014,5,"194300",72982,8538.894,483844,137411.696,556826,145950.59,26.2111665044376
"103","48121","Denton County",2015,6,"204700",74024,7779,504944,144255,578968,152034,26.2594823893549
"104","48121","Denton County",2016,7,"219200",76329,7110,524239,160702,600568,167812,27.9422147034141
"105","48135","Ector County",2009,0,"80100",15028,420.784,79064,7511.08,94092,7931.864,8.42990264847171
"106","48135","Ector County",2010,1,"89700",15421,956.102,81793,7688.542,97214,8644.644,8.89238587034789
"107","48135","Ector County",2011,2,"98000",15319,582.122,83773,7958.435,99092,8540.557,8.61881584789892
"108","48135","Ector County",2012,3,"102900",15945,701.58,87016,8092.488,102961,8794.068,8.54116413010752
"109","48135","Ector County",2013,4,"108600",16573,1342.413,88581,8680.938,105154,10023.351,9.5320682047283
"110","48135","Ector County",2014,5,"116900",16718,986.362,91697,10820.246,108415,11806.608,10.8901978508509
"111","48135","Ector County",2015,6,"123700",17891,1116,93777,11324,111668,12440,11.1401654905613
"112","48135","Ector County",2016,7,"141700",16648,708,93324,10646,109972,11354,10.3244462226749
"113","48139","Ellis County",2009,0,"143600",13797,620.865,94035,10437.885,107832,11058.75,10.2555363899399
"114","48139","Ellis County",2010,1,"145900",13547,270.94,93394,15876.98,106941,16147.92,15.099840098746
"115","48139","Ellis County",2011,2,"147000",13845,387.66,95360,11633.92,109205,12021.58,11.0082688521588
"116","48139","Ellis County",2012,3,"150100",13143,538.863,97722,14756.022,110865,15294.885,13.7959545393046
"117","48139","Ellis County",2013,4,"148200",14535,741.285,98700,16088.1,113235,16829.385,14.8623526294874
"118","48139","Ellis County",2014,5,"150000",14123,1016.856,102101,13783.635,116224,14800.491,12.7344532970815
"119","48139","Ellis County",2015,6,"156500",14864,960,104676,17163,119540,18123,15.1606156934917
"120","48139","Ellis County",2016,7,"161600",15774,1022,107633,16249,123407,17271,13.9951542457073
"121","48141","El Paso County",2009,0,"106700",81304,3902.592,433636,58540.86,514940,62443.452,12.1263549151357
"122","48141","El Paso County",2010,1,"114500",89803,4220.741,473056,61497.28,562859,65718.021,11.6757520089401
"123","48141","El Paso County",2011,2,"119400",94476,5479.608,482451,66578.238,576927,72057.846,12.4899417083964
"124","48141","El Paso County",2012,3,"121800",96490,5403.44,488529,69859.647,585019,75263.087,12.8650671174782
"125","48141","El Paso County",2013,4,"122500",98297,5111.444,490295,70602.48,588592,75713.924,12.8635666132058
"126","48141","El Paso County",2014,5,"123800",99100,5351.4,498805,71827.92,597905,77179.32,12.908291450983
"127","48141","El Paso County",2015,6,"124900",96703,4198,505803,82007,602506,86205,14.3077413336963
"128","48141","El Paso County",2016,7,"126000",95052,4926,510580,75062,605632,79988,13.2073602451654
"129","48157","Fort Bend County",2009,0,"172900",49499,4504.409,344809,87926.295,394308,92430.704,23.4412449151425
"130","48157","Fort Bend County",2010,1,"174700",46465,3670.735,368808,89620.344,415273,93291.079,22.4649998916376
"131","48157","Fort Bend County",2011,2,"180200",48725,4677.6,381974,102751.006,430699,107428.606,24.9428501110985
"132","48157","Fort Bend County",2012,3,"184600",52151,4850.043,397174,110811.546,449325,115661.589,25.7411871140043
"133","48157","Fort Bend County",2013,4,"189500",55035,5063.22,412271,119970.861,467306,125034.081,26.7563611423778
"134","48157","Fort Bend County",2014,5,"194000",58285,5187.365,435597,120660.369,493882,125847.734,25.4813364325892
"135","48157","Fort Bend County",2015,6,"205100",61030,4796,456580,125884,517610,130680,25.2468074418964
"136","48157","Fort Bend County",2016,7,"222400",61383,8830,474935,133335,536318,142165,26.507594374979
"137","48167","Galveston County",2009,0,"147600",25049,1978.871,187312,32217.664,212361,34196.535,16.1030203285914
"138","48167","Galveston County",2010,1,"156500",24479,2447.9,193739,35454.237,218218,37902.137,17.3689324437031
"139","48167","Galveston County",2011,2,"159700",26265,1864.815,194587,38528.226,220852,40393.041,18.2896423849456
"140","48167","Galveston County",2012,3,"161800",26719,2137.52,198883,36395.589,225602,38533.109,17.0801273924877
"141","48167","Galveston County",2013,4,"162200",28253,3192.589,201797,38543.227,230050,41735.816,18.1420630297761
"142","48167","Galveston County",2014,5,"165300",29128,1864.192,207466,37343.88,236594,39208.072,16.5718792530664
"143","48167","Galveston County",2015,6,"170600",28675,3829,214205,44112,242880,47941,19.7385540184453
"144","48167","Galveston County",2016,7,"176300",28844,2655,219771,40174,248615,42829,17.227037789353
"145","48181","Grayson County",2009,0,"105200",10592,614.336,79992,11038.896,90584,11653.232,12.8645588624923
"146","48181","Grayson County",2010,1,"110000",10971,263.304,80847,11561.121,91818,11824.425,12.8781121348755
"147","48181","Grayson County",2011,2,"113400",11012,660.72,81462,11649.066,92474,12309.786,13.3116184008478
"148","48181","Grayson County",2012,3,"112300",11703,304.278,81542,9866.582,93245,10170.86,10.9076733336908
"149","48181","Grayson County",2013,4,"115000",10999,923.916,82575,8835.525,93574,9759.441,10.4296503302199
"150","48181","Grayson County",2014,5,"116700",10509,189.162,83506,12609.406,94015,12798.568,13.6133255331596
"151","48181","Grayson County",2015,6,"118500",11263,202,84286,10822,95549,11024,11.5375357146595
"152","48181","Grayson County",2016,7,"121400",10976,609,86626,12911,97602,13520,13.8521751603451
"153","48183","Gregg County",2009,0,"114000",13683,1245.153,73588,11332.552,87271,12577.705,14.4122388880613
"154","48183","Gregg County",2010,1,"121000",14081,1422.181,76913,9152.647,90994,10574.828,11.62145635976
"155","48183","Gregg County",2011,2,"125700",13203,1161.864,78258,11347.41,91461,12509.274,13.6771673172172
"156","48183","Gregg County",2012,3,"127700",13324,586.256,78220,9777.5,91544,10363.756,11.3210652800839
"157","48183","Gregg County",2013,4,"135900",12782,818.048,78287,9237.866,91069,10055.914,11.0420823770987
"158","48183","Gregg County",2014,5,"137400",13255,556.71,77979,11618.871,91234,12175.581,13.3454424885459
"159","48183","Gregg County",2015,6,"136200",12215,1425,79819,11969,92034,13394,14.5533172523198
"160","48183","Gregg County",2016,7,"137700",12058,528,79826,11122,91884,11650,12.679030081407
"161","48187","Guadalupe County",2009,0,"149500",11184,324.336,78014,12170.184,89198,12494.52,14.0076234893159
"162","48187","Guadalupe County",2010,1,"156000",11238,1067.61,84580,13279.06,95818,14346.67,14.9728339142959
"163","48187","Guadalupe County",2011,2,"161200",11016,958.392,87872,15026.112,98888,15984.504,16.1642504651727
"164","48187","Guadalupe County",2012,3,"165400",12470,399.04,90125,15681.75,102595,16080.79,15.6740484429066
"165","48187","Guadalupe County",2013,4,"167000",13167,882.189,91997,14995.511,105164,15877.7,15.0980373511848
"166","48187","Guadalupe County",2014,5,"169400",13575,841.65,95390,16979.42,108965,17821.07,16.3548570641949
"167","48187","Guadalupe County",2015,6,"175500",13372,575,98463,16076,111835,16651,14.8888988241606
"168","48187","Guadalupe County",2016,7,"181700",14309,1273,100974,18087,115283,19360,16.7934561036753
"169","48201","Harris County",2009,0,"137400",389455,35829.86,2506674,446187.972,2896129,482017.832,16.6435207823961
"170","48201","Harris County",2010,1,"138800",415736,35753.296,2543972,457914.96,2959708,493668.256,16.6796270442895
"171","48201","Harris County",2011,2,"139300",418914,30999.636,2596222,477704.848,3015136,508704.484,16.8716928191631
"172","48201","Harris County",2012,3,"139500",427959,37232.433,2653312,488209.408,3081271,525441.841,17.0527629994246
"173","48201","Harris County",2013,4,"139200",431459,39262.769,2717715,521801.28,3149174,561064.049,17.8162289222507
"174","48201","Harris County",2014,5,"141600",437091,38026.917,2799047,529019.883,3236138,567046.8,17.5223306299051
"175","48201","Harris County",2015,6,"146200",441976,43836,2871639,546131,3313615,589967,17.804331523125
"176","48201","Harris County",2016,7,"154500",437962,42469,2912844,582905,3350806,625374,18.6633902410345
"177","48203","Harrison County",2010,1,"114500",7704,107.856,41100,4562.1,48804,4669.956,9.56879763953774
"178","48203","Harrison County",2011,2,"130400",6556,308.132,42500,7182.5,49056,7490.632,15.2695531637312
"179","48203","Harrison County",2012,3,"135900",6546,392.76,43694,4631.564,50240,5024.324,10.0006449044586
"180","48203","Harrison County",2013,4,"133300",7458,305.778,42532,5911.948,49990,6217.726,12.4379395879176
"181","48203","Harrison County",2014,5,"141200",7038,0,43522,6484.778,50560,6484.778,12.8259058544304
"182","48203","Harrison County",2015,6,"143200",6290,402,43546,5320,49836,5722,11.4816598442893
"183","48203","Harrison County",2016,7,"136300",6175,369,43374,5148,49549,5517,11.1344325818886
"184","48209","Hays County",2009,0,"167600",31787,2733.682,85510,19752.81,117297,22486.492,19.1705602018807
"185","48209","Hays County",2010,1,"179300",28908,1907.928,90788,23968.032,119696,25875.96,21.6180657666087
"186","48209","Hays County",2011,2,"181200",29232,1695.456,94770,23029.11,124002,24724.566,19.9388445347656
"187","48209","Hays County",2012,3,"177900",29920,1555.84,98103,26978.325,128023,28534.165,22.2883114752818
"188","48209","Hays County",2013,4,"181400",31173,4426.566,102586,24620.64,133759,29047.206,21.7160759276011
"189","48209","Hays County",2014,5,"181400",33066,3141.27,108510,25933.89,141576,29075.16,20.5367858959146
"190","48209","Hays County",2015,6,"185400",33856,2049,115764,28180,149620,30229,20.2038497527069
"191","48209","Hays County",2016,7,"198500",35898,2442,121051,25945,156949,28387,18.0867670389744
"192","48213","Henderson County",2009,0,"95600",5587,22.348,55034,4732.924,60621,4755.272,7.844265188631
"193","48213","Henderson County",2010,1,"105400",6073,0,54843,5155.242,60916,5155.242,8.46287018188982
"194","48213","Henderson County",2011,2,"105200",6719,403.14,54377,5709.585,61096,6112.725,10.0051149011392
"195","48213","Henderson County",2012,3,"110200",6582,26.328,54797,4548.151,61379,4574.479,7.45284054807019
"196","48213","Henderson County",2013,4,"106700",6888,192.864,54366,5871.528,61254,6064.392,9.9004016064257
"197","48213","Henderson County",2014,5,"102500",5689,45.512,56168,7526.512,61857,7572.024,12.2411756147243
"198","48213","Henderson County",2015,6,"102600",6750,223,55597,7822,62347,8045,12.9035879833833
"199","48213","Henderson County",2016,7,"106300",6571,474,55949,6339,62520,6813,10.8973128598848
"200","48215","Hidalgo County",2009,0,"87800",74657,3359.565,396316,46368.972,470973,49728.537,10.5586810708894
"201","48215","Hidalgo County",2010,1,"91400",83670,3848.82,426142,48154.046,509812,52002.866,10.2004005398068
"202","48215","Hidalgo County",2011,2,"94100",87632,3242.384,435512,49648.368,523144,52890.752,10.1101708133898
"203","48215","Hidalgo County",2012,3,"95600",88965,3736.53,442346,49100.406,531311,52836.936,9.94463431022509
"204","48215","Hidalgo County",2013,4,"96900",90320,4967.6,448031,53763.72,538351,58731.32,10.9094847042171
"205","48215","Hidalgo County",2014,5,"99100",92910,6503.7,459460,60648.72,552370,67152.42,12.1571446675236
"206","48215","Hidalgo County",2015,6,"101400",93031,4037,467992,56096,561023,60133,10.7184553930944
"207","48215","Hidalgo County",2016,7,"103800",93585,6302,473366,60601,566951,66903,11.8004906949631
"208","48231","Hunt County",2009,0,"98500",9243,767.169,52938,4923.234,62181,5690.403,9.15135330728036
"209","48231","Hunt County",2010,1,"102900",8055,314.145,56652,7194.804,64707,7508.949,11.6045389216004
"210","48231","Hunt County",2011,2,"105900",8627,828.192,56221,6015.647,64848,6843.839,10.5536624105601
"211","48231","Hunt County",2012,3,"106700",8465,279.345,57479,6437.648,65944,6716.993,10.1859047070241
"212","48231","Hunt County",2013,4,"107900",9206,1021.866,56910,6829.2,66116,7851.066,11.8746838889225
"213","48231","Hunt County",2014,5,"107900",8962,896.2,58308,5364.336,67270,6260.536,9.30657945592389
"214","48231","Hunt County",2015,6,"112000",9816,782,58806,7163,68622,7945,11.5779196176153
"215","48231","Hunt County",2016,7,"114300",9621,820,60159,7299,69780,8119,11.6351390083118
"216","48245","Jefferson County",2009,0,"98500",25239,1211.472,158075,18810.925,183314,20022.397,10.9224592775238
"217","48245","Jefferson County",2010,1,"104500",27907,1674.42,164285,19549.915,192192,21224.335,11.0432978479853
"218","48245","Jefferson County",2011,2,"109900",26176,994.688,165913,20407.299,192089,21401.987,11.1417035853172
"219","48245","Jefferson County",2012,3,"111600",27136,1709.568,164717,22401.512,191853,24111.08,12.5674761405868
"220","48245","Jefferson County",2013,4,"113900",28254,1017.144,164402,22194.27,192656,23211.414,12.0481137364006
"221","48245","Jefferson County",2014,5,"116500",25440,1475.52,167039,20879.875,192479,22355.395,11.6144592397093
"222","48245","Jefferson County",2015,6,"120500",25175,1517,168670,21362,193845,22879,11.8027289844979
"223","48245","Jefferson County",2016,7,"122700",25026,2110,168925,21022,193951,23132,11.926723760125
"224","48251","Johnson County",2009,0,"115700",13977,601.011,100183,12021.96,114160,12622.971,11.0572626138753
"225","48251","Johnson County",2010,1,"117200",12880,708.4,97449,10524.492,110329,11232.892,10.1812687507364
"226","48251","Johnson County",2011,2,"118600",13744,755.92,97967,12049.941,111711,12805.861,11.4633840893019
"227","48251","Johnson County",2012,3,"120500",14073,464.409,98462,9550.814,112535,10015.223,8.89965166392678
"228","48251","Johnson County",2013,4,"120200",14184,1163.088,99472,13229.776,113656,14392.864,12.6635320616597
"229","48251","Johnson County",2014,5,"120600",13905,292.005,102279,12171.201,116184,12463.206,10.7271276595745
"230","48251","Johnson County",2015,6,"127700",14199,523,104251,13970,118450,14493,12.2355424229633
"231","48251","Johnson County",2016,7,"137400",14086,681,106686,16056,120772,16737,13.8583446494221
"232","48257","Kaufman County",2009,0,"134000",9994,409.754,62548,6004.608,72542,6414.362,8.84227344159246
"233","48257","Kaufman County",2010,1,"138400",8279,480.182,65796,9935.196,74075,10415.378,14.0605845426932
"234","48257","Kaufman County",2011,2,"140100",9174,220.176,66075,8127.225,75249,8347.401,11.0930391101543
"235","48257","Kaufman County",2012,3,"139300",8339,492.001,68192,7773.888,76531,8265.889,10.800706903085
"236","48257","Kaufman County",2013,4,"141800",9652,279.908,68528,9388.336,78180,9668.244,12.3666462010744
"237","48257","Kaufman County",2014,5,"145900",9360,402.48,71040,9164.16,80400,9566.64,11.8988059701493
"238","48257","Kaufman County",2015,6,"150200",9778,915,73303,10069,83081,10984,13.2208326813592
"239","48257","Kaufman County",2016,7,"154800",9728,919,76218,9738,85946,10657,12.3996462895306
"240","48291","Liberty County",2009,0,"89800",7203,280.917,48529,2232.334,55732,2513.251,4.50952953419938
"241","48291","Liberty County",2010,1,"90500",7107,262.959,49300,2612.9,56407,2875.859,5.09840799900722
"242","48291","Liberty County",2011,2,"96500",6288,0,50489,2675.917,56777,2675.917,4.71302992408898
"243","48291","Liberty County",2012,3,"94100",7233,7.233,49920,3494.4,57153,3501.633,6.12677024828093
"244","48291","Liberty County",2013,4,"96200",6487,6.487,51176,3377.616,57663,3384.103,5.86875986334391
"245","48291","Liberty County",2014,5,"98200",7216,144.32,51312,3848.4,58528,3992.72,6.82189721159103
"246","48291","Liberty County",2015,6,"108000",7012,126,52598,3662,59610,3788,6.35463848347593
"247","48291","Liberty County",2016,7,"108900",6908,398,53961,3722,60869,4120,6.76863428017546
"248","48303","Lubbock County",2009,0,"106500",52625,4788.875,150727,26678.679,203352,31467.554,15.4744256264999
"249","48303","Lubbock County",2010,1,"111300",47294,4776.694,164959,30682.374,212253,35459.068,16.7060385483362
"250","48303","Lubbock County",2011,2,"112200",50667,4205.361,164633,30951.004,215300,35156.365,16.3290130051092
"251","48303","Lubbock County",2012,3,"113800",49895,4889.71,167118,28911.414,217013,33801.124,15.5756217369466
"252","48303","Lubbock County",2013,4,"116700",50173,6472.317,169260,29112.72,219433,35585.037,16.2168119653835
"253","48303","Lubbock County",2014,5,"118300",50948,4687.216,171757,29026.933,222705,33714.149,15.1384787050134
"254","48303","Lubbock County",2015,6,"122600",52118,5788,175011,28318,227129,34106,15.0161362045357
"255","48303","Lubbock County",2016,7,"130700",51656,4579,178621,34850,230277,39429,17.1224221263956
"256","48309","McLennan County",2009,0,"106400",40993,1762.699,132695,18311.91,173688,20074.609,11.5578560407167
"257","48309","McLennan County",2010,1,"112200",34164,2084.004,141845,21702.285,176009,23786.289,13.5142458624275
"258","48309","McLennan County",2011,2,"116800",35866,2080.228,142715,21407.25,178581,23487.478,13.1522827176463
"259","48309","McLennan County",2012,3,"120700",35011,4411.386,144375,21367.5,179386,25778.886,14.3706231255505
"260","48309","McLennan County",2013,4,"123100",36705,3633.795,145366,19333.678,182071,22967.473,12.6145695909837
"261","48309","McLennan County",2014,5,"127400",36597,2378.805,146625,21407.25,183222,23786.055,12.9820954907162
"262","48309","McLennan County",2015,6,"130300",36430,3845,148301,22328,184731,26173,14.1681688509238
"263","48309","McLennan County",2016,7,"133800",36883,3589,149696,20237,186579,23826,12.7699258759024
"264","48329","Midland County",2009,0,"120300",14156,1231.572,81392,12941.328,95548,14172.9,14.8332775149663
"265","48329","Midland County",2010,1,"136100",14830,608.03,84824,12723.6,99654,13331.63,13.3779175948783
"266","48329","Midland County",2011,2,"148500",14013,868.806,88414,14853.552,102427,15722.358,15.3498179191034
"267","48329","Midland County",2012,3,"154100",14368,818.976,92166,14930.892,106534,15749.868,14.783888711585
"268","48329","Midland County",2013,4,"160600",15444,1621.62,94338,18678.924,109782,20300.544,18.4916871618298
"269","48329","Midland County",2014,5,"170000",15742,1290.844,97169,17684.758,112911,18975.602,16.8058045717423
"270","48329","Midland County",2015,6,"183000",16659,868,99671,18570,116330,19438,16.7093612997507
"271","48329","Midland County",2016,7,"193600",14787,807,101188,19655,115975,20462,17.6434576417331
"272","48339","Montgomery County",2009,0,"162500",38143,2174.151,285129,57596.058,323272,59770.209,18.489138867579
"273","48339","Montgomery County",2010,1,"167300",37055,1815.695,295218,64652.742,332273,66468.437,20.0041643467871
"274","48339","Montgomery County",2011,2,"171800",38574,2198.718,303929,61697.587,342503,63896.305,18.6556920669308
"275","48339","Montgomery County",2012,3,"173200",38806,2561.196,314999,68669.782,353805,71230.978,20.1328353188904
"276","48339","Montgomery County",2013,4,"177400",41392,2028.208,323073,71076.06,364465,73104.268,20.0579666085907
"277","48339","Montgomery County",2014,5,"185400",44632,3302.768,335428,76813.012,380060,80115.78,21.0797716150082
"278","48339","Montgomery County",2015,6,"193800",46104,4472,347910,74689,394014,79161,20.0909104752623
"279","48339","Montgomery County",2016,7,"207900",46424,4056,361549,76700,407973,80756,19.7944471815537
"280","48347","Nacogdoches County",2011,2,"102100",13220,647.78,36970,5249.74,50190,5897.52,11.7503885236103
"281","48347","Nacogdoches County",2012,3,"109700",14077,844.62,36248,5255.96,50325,6100.58,12.1223646299056
"282","48347","Nacogdoches County",2013,4,"127700",13025,742.425,37013,4663.638,50038,5406.063,10.8039150245813
"283","48347","Nacogdoches County",2014,5,"134000",13461,848.043,36579,5340.534,50040,6188.577,12.3672601918465
"284","48347","Nacogdoches County",2015,6,"134300",12492,459,37782,5597,50274,6056,12.0459879858376
"285","48347","Nacogdoches County",2016,7,"138300",13332,505,36960,6410,50292,6915,13.7497017418277
"286","48355","Nueces County",2009,0,"112700",32790,1639.5,203755,24654.355,236545,26293.855,11.1157940349616
"287","48355","Nueces County",2010,1,"119500",34392,2407.44,217633,27639.391,252025,30046.831,11.9221628806666
"288","48355","Nueces County",2011,2,"122100",35669,1498.098,219422,29621.97,255091,31120.068,12.1995946544566
"289","48355","Nueces County",2012,3,"124300",36187,2894.96,223585,27277.37,259772,30172.33,11.6149277058343
"290","48355","Nueces County",2013,4,"126100",36152,3615.2,226434,27624.948,262586,31240.148,11.8971110417159
"291","48355","Nueces County",2014,5,"126900",36469,3829.245,229856,30570.848,266325,34400.093,12.9165842485685
"292","48355","Nueces County",2015,6,"128500",37027,2288,232449,31870,269476,34158,12.6757113806053
"293","48355","Nueces County",2016,7,"133700",37143,2889,233620,33542,270763,36431,13.4549402983421
"294","48361","Orange County",2009,0,"85800",6817,620.347,54268,5372.532,61085,5992.879,9.81072112629942
"295","48361","Orange County",2010,1,"90800",6577,0,54554,4473.428,61131,4473.428,7.3177733065057
"296","48361","Orange County",2011,2,"97100",6748,53.984,55315,4646.46,62063,4700.444,7.57366546895896
"297","48361","Orange County",2012,3,"103800",8135,471.83,54140,4168.78,62275,4640.61,7.45180248896026
"298","48361","Orange County",2013,4,"114500",7408,125.936,55273,7185.49,62681,7311.426,11.6645012045117
"299","48361","Orange County",2014,5,"123900",6695,13.39,56064,5606.4,62759,5619.79,8.95455631861566
"300","48361","Orange County",2015,6,"121800",7872,178,55472,6858,63344,7036,11.1076029300328
"301","48361","Orange County",2016,7,"122600",7028,346,56658,6853,63686,7199,11.3038972458625
"302","48367","Parker County",2009,0,"150700",11461,206.298,73301,11508.257,84762,11714.555,13.8205268870484
"303","48367","Parker County",2010,1,"157200",11108,322.132,77122,11876.788,88230,12198.92,13.8262722430012
"304","48367","Parker County",2011,2,"160000",9547,85.923,79371,13096.215,88918,13182.138,14.8250500461099
"305","48367","Parker County",2012,3,"164400",11232,550.368,79458,13825.692,90690,14376.06,15.8518690043004
"306","48367","Parker County",2013,4,"165900",10345,434.49,81036,15558.912,91381,15993.402,17.5018898895832
"307","48367","Parker County",2014,5,"169900",11171,759.628,81970,16230.06,93141,16989.688,18.2408262741435
"308","48367","Parker County",2015,6,"177800",10762,1038,84438,15536,95200,16574,17.4096638655462
"309","48367","Parker County",2016,7,"189000",10011,745,87198,12799,97209,13544,13.932866298388
"310","48375","Potter County",2009,0,"85100",11259,281.475,76673,8050.665,87932,8332.14,9.47566301232771
"311","48375","Potter County",2010,1,"89800",12334,185.01,75484,8982.596,87818,9167.606,10.439324512059
"312","48375","Potter County",2011,2,"90600",12470,224.46,75635,7714.77,88105,7939.23,9.01110039157823
"313","48375","Potter County",2012,3,"92100",12383,520.086,75915,8502.48,88298,9022.566,10.2183129855716
"314","48375","Potter County",2013,4,"93700",12337,444.132,75892,8575.796,88229,9019.928,10.2233143297555
"315","48375","Potter County",2014,5,"94600",11681,490.602,76557,6660.459,88238,7151.061,8.10428726852376
"316","48375","Potter County",2015,6,"94400",11569,316,76845,8809,88414,9125,10.3207636799602
"317","48375","Potter County",2016,7,"96600",11258,391,76399,7601,87657,7992,9.11735514562442
"318","48381","Randall County",2009,0,"128500",18125,1685.625,69123,13962.846,87248,15648.471,17.93562144691
"319","48381","Randall County",2010,1,"133400",13217,1057.36,77797,16959.746,91014,18017.106,19.7959720482563
"320","48381","Randall County",2011,2,"140400",14330,888.46,78942,16735.704,93272,17624.164,18.8954498670555
"321","48381","Randall County",2012,3,"142200",14742,1194.102,79881,16056.081,94623,17250.183,18.2304334041406
"322","48381","Randall County",2013,4,"146700",13294,1156.578,82046,16573.292,95340,17729.87,18.5964652821481
"323","48381","Randall County",2014,5,"151500",12865,656.115,83972,17130.288,96837,17786.403,18.3673626816196
"324","48381","Randall County",2015,6,"153800",13455,952,85263,18053,98718,19005,19.2518081808789
"325","48381","Randall County",2016,7,"155500",13706,1110,86683,18212,100389,19322,19.2471286694757
"326","48397","Rockwall County",2009,0,"184100",5643,727.947,51737,11278.666,57380,12006.613,20.9247350993377
"327","48397","Rockwall County",2010,1,"188800",4661,316.948,50808,14023.008,55469,14339.956,25.8521985253024
"328","48397","Rockwall County",2011,2,"192700",6220,0,51399,12849.75,57619,12849.75,22.3012374390392
"329","48397","Rockwall County",2012,3,"193800",5799,527.709,53501,11502.715,59300,12030.424,20.2873929173693
"330","48397","Rockwall County",2013,4,"189600",6249,868.611,54866,13387.304,61115,14255.915,23.3263765033134
"331","48397","Rockwall County",2014,5,"189400",6210,242.19,57298,13923.414,63508,14165.604,22.3052276878503
"332","48397","Rockwall County",2015,6,"196200",7025,687,58889,15918,65914,16605,25.1919167399945
"333","48397","Rockwall County",2016,7,"208100",8257,1333,60013,15136,68270,16469,24.1233338215907
"334","48409","San Patricio County",2009,0,"103400",6643,106.288,42317,4104.749,48960,4211.037,8.60097426470588
"335","48409","San Patricio County",2010,1,"103500",6148,55.332,40253,4669.348,46401,4724.68,10.1822805542984
"336","48409","San Patricio County",2011,2,"109900",6310,151.44,40352,4358.016,46662,4509.456,9.66408640864086
"337","48409","San Patricio County",2012,3,"110200",6454,180.712,41374,4758.01,47828,4938.722,10.3260056870452
"338","48409","San Patricio County",2013,4,"107200",6402,70.422,41566,3491.544,47968,3561.966,7.42571297531688
"339","48409","San Patricio County",2014,5,"113100",6388,319.4,42227,3167.025,48615,3486.425,7.17150056566903
"340","48409","San Patricio County",2015,6,"120300",6787,242,42289,5630,49076,5872,11.9651153313228
"341","48409","San Patricio County",2016,7,"119900",6621,282,42902,4699,49523,4981,10.0579528703835
"342","48423","Smith County",2009,0,"124600",22102,839.876,129790,21545.14,151892,22385.016,14.7374555605298
"343","48423","Smith County",2010,1,"129700",22635,1312.83,133641,23387.175,156276,24700.005,15.8053731859019
"344","48423","Smith County",2011,2,"130400",22904,3023.328,136073,21499.534,158977,24522.862,15.425414997138
"345","48423","Smith County",2012,3,"130500",23833,1978.139,136386,23322.006,160219,25300.145,15.7909767256068
"346","48423","Smith County",2013,4,"133100",22361,1431.104,139510,24553.76,161871,25984.864,16.0528223091227
"347","48423","Smith County",2014,5,"138500",23372,1729.528,140883,24513.642,164255,26243.17,15.9770904995282
"348","48423","Smith County",2015,6,"143600",23526,2607,144118,23792,167644,26399,15.7470592445897
"349","48423","Smith County",2016,7,"149700",22159,995,147441,25637,169600,26632,15.7028301886792
"350","48439","Tarrant County",2009,0,"139100",166102,14118.67,1116405,212116.95,1282507,226235.62,17.6401080072078
"351","48439","Tarrant County",2010,1,"142700",173595,14755.575,1135064,228147.864,1308659,242903.439,18.5612477352771
"352","48439","Tarrant County",2011,2,"143500",175241,13668.798,1159435,235365.305,1334676,249034.103,18.6587683452763
"353","48439","Tarrant County",2012,3,"143400",179864,13849.528,1183061,235429.139,1362925,249278.667,18.2899768512574
"354","48439","Tarrant County",2013,4,"143900",181978,16014.064,1207439,253562.19,1389417,269576.254,19.402112828618
"355","48439","Tarrant County",2014,5,"145400",183873,18203.427,1234531,245671.669,1418404,263875.096,18.603662708227
"356","48439","Tarrant County",2015,6,"148500",186699,16012,1262323,265390,1449022,281402,19.4201330276559
"357","48439","Tarrant County",2016,7,"156000",188971,19470,1288602,262956,1477573,282426,19.1141825141634
"358","48441","Taylor County",2009,0,"94200",18115,1086.9,77917,13090.056,96032,14176.956,14.762741586138
"359","48441","Taylor County",2010,1,"103600",19650,3085.05,79927,12308.758,99577,15393.808,15.4592004177672
"360","48441","Taylor County",2011,2,"104100",18822,865.812,81615,13221.63,100437,14087.442,14.0261477344007
"361","48441","Taylor County",2012,3,"108600",18702,1814.094,82040,13208.44,100742,15022.534,14.9118877925791
"362","48441","Taylor County",2013,4,"109600",20356,1221.36,81096,14272.896,101452,15494.256,15.2724993100185
"363","48441","Taylor County",2014,5,"114300",19659,1847.946,82175,14216.275,101834,16064.221,15.7749091658974
"364","48441","Taylor County",2015,6,"120900",20127,971,82234,12612,102361,13583,13.2697023280351
"365","48441","Taylor County",2016,7,"127100",18949,1587,84075,12749,103024,14336,13.9152042242584
"366","48451","Tom Green County",2009,0,"89500",14061,1265.49,68660,10436.32,82721,11701.81,14.1461176726587
"367","48451","Tom Green County",2010,1,"98800",15491,1254.771,69256,9972.864,84747,11227.635,13.2484158731283
"368","48451","Tom Green County",2011,2,"101100",15463,1082.41,70099,11075.642,85562,12158.052,14.2096397933662
"369","48451","Tom Green County",2012,3,"111800",15295,672.98,72432,7895.088,87727,8568.068,9.76674000022798
"370","48451","Tom Green County",2013,4,"115500",14788,931.644,73159,11632.281,87947,12563.925,14.2857914425734
"371","48451","Tom Green County",2014,5,"122400",15410,862.96,73855,10413.555,89265,11276.515,12.6326275695961
"372","48451","Tom Green County",2015,6,"125000",15142,2689,75367,12505,90509,15194,16.7872808229016
"373","48451","Tom Green County",2016,7,"131400",14813,555,75857,12911,90670,13466,14.8516598654461
"374","48453","Travis County",2009,0,"194100",102985,13902.975,676718,189481.04,779703,203384.015,26.0848060094677
"375","48453","Travis County",2010,1,"202700",130489,16180.636,653758,179129.692,784247,195310.328,24.9041855435851
"376","48453","Travis County",2011,2,"212000",127342,20374.72,681678,191551.518,809020,211926.238,26.1954263182616
"377","48453","Travis County",2012,3,"217100",124475,18048.875,711001,206901.291,835476,224950.166,26.924790897644
"378","48453","Travis County",2013,4,"220500",117803,14843.178,741747,218073.618,859550,232916.796,27.0975273108022
"379","48453","Travis County",2014,5,"226000",115430,15121.33,770506,218053.198,885936,233174.528,26.3195680049123
"380","48453","Travis County",2015,6,"238500",113511,15241,795105,243554,908616,258795,28.4823291687578
"381","48453","Travis County",2016,7,"256600",113223,20175,816263,247133,929486,267308,28.7586902868897
"382","48469","Victoria County",2009,0,"100300",9128,976.696,54463,7733.746,63591,8710.442,13.6976018618987
"383","48469","Victoria County",2010,1,"107300",7667,191.675,55977,5429.769,63644,5621.444,8.83263779774998
"384","48469","Victoria County",2011,2,"113800",7895,584.23,56526,5935.23,64421,6519.46,10.120085065429
"385","48469","Victoria County",2012,3,"117100",8103,429.459,57533,6731.361,65636,7160.82,10.9098970077397
"386","48469","Victoria County",2013,4,"118400",8644,103.728,57928,5966.584,66572,6070.312,9.11841615093433
"387","48469","Victoria County",2014,5,"127400",8396,654.888,59285,8655.61,67681,9310.498,13.756442723955
"388","48469","Victoria County",2015,6,"129400",8945,84,59641,8855,68586,8939,13.0332720963462
"389","48469","Victoria County",2016,7,"134500",8697,240,60364,7895,69061,8135,11.7794413634323
"390","48471","Walker County",2010,1,"119800",12360,358.44,44431,5820.461,56791,6178.901,10.880070785864
"391","48471","Walker County",2011,2,"117400",14102,239.734,44390,5104.85,58492,5344.584,9.13729056965055
"392","48471","Walker County",2012,3,"117000",13037,795.257,44334,4610.736,57371,5405.993,9.4228669536874
"393","48471","Walker County",2013,4,"128500",12626,1300.478,45338,5848.602,57964,7149.08,12.3336553723
"394","48471","Walker County",2014,5,"142800",14610,978.87,44320,5805.92,58930,6784.79,11.513303919905
"395","48471","Walker County",2015,6,"149000",14743,1556,44958,7784,59701,9340,15.6446290681898
"396","48471","Walker County",2016,7,"156800",14803,1107,45665,6234,60468,7341,12.1403056161937
"397","48479","Webb County",2009,0,"117100",24412,976.48,126016,17768.256,150428,18744.736,12.4609354641423
"398","48479","Webb County",2010,1,"122000",27334,1257.364,136214,18252.676,163548,19510.04,11.9292440139898
"399","48479","Webb County",2011,2,"124000",28236,1750.632,138909,14029.809,167145,15780.441,9.44116844655838
"400","48479","Webb County",2012,3,"124400",29095,1512.94,140289,16834.68,169384,18347.62,10.8319676002456
"401","48479","Webb County",2013,4,"124100",29449,736.225,142894,16575.704,172343,17311.929,10.045043314785
"402","48479","Webb County",2014,5,"123800",30949,804.674,145097,17411.64,176046,18216.314,10.3474739556707
"403","48479","Webb County",2015,6,"123900",30873,1558,147672,18454,178545,20012,11.2083788400683
"404","48479","Webb County",2016,7,"127000",30675,967,148275,18263,178950,19230,10.7460184409053
"405","48485","Wichita County",2009,0,"89700",17726,1311.724,79628,9236.848,97354,10548.572,10.8352733323746
"406","48485","Wichita County",2010,1,"92800",18548,2392.692,82886,10277.864,101434,12670.556,12.4914289094386
"407","48485","Wichita County",2011,2,"95200",18449,1014.695,82161,10927.413,100610,11942.108,11.8697028128417
"408","48485","Wichita County",2012,3,"95500",18333,733.32,83324,11248.74,101657,11982.06,11.7867534945946
"409","48485","Wichita County",2013,4,"96700",18105,1430.295,83552,11530.176,101657,12960.471,12.7492164828787
"410","48485","Wichita County",2014,5,"97300",18238,1021.328,84329,13492.64,102567,14513.968,14.1507190421871
"411","48485","Wichita County",2015,6,"98000",18522,1180,84077,12360,102599,13540,13.1970097174436
"412","48485","Wichita County",2016,7,"101000",18346,487,84259,13547,102605,14034,13.6776960187125
"413","48491","Williamson County",2009,0,"169800",33069,3736.797,261963,63918.972,295032,67655.769,22.9316714797039
"414","48491","Williamson County",2010,1,"173200",32003,3680.345,272167,68586.084,304170,72266.429,23.7585656047605
"415","48491","Williamson County",2011,2,"177000",34521,1622.487,282712,76897.664,317233,78520.151,24.7515709273625
"416","48491","Williamson County",2012,3,"178200",36012,2844.948,293300,79484.3,329312,82329.248,25.0003789719172
"417","48491","Williamson County",2013,4,"179600",37221,2419.365,303628,78943.28,340849,81362.645,23.8705834548436
"418","48491","Williamson County",2014,5,"185900",39412,3547.08,317088,83077.056,356500,86624.136,24.298495371669
"419","48491","Williamson County",2015,6,"196200",40083,4605,332667,88275,372750,92880,24.9175050301811
"420","48491","Williamson County",2016,7,"210700",41753,5034,347601,97016,389354,102050,26.2100813141768
